지점명,일시,시정(m),전운량(1/8)
양양공항,2026-09-26 8:00,10000,5
양양공항,2026-09-26 9:00,10000,3
양양공항,2026-09-26 10:00,10000,1
양양공항,2026-09-26 11:00,10000,1
양양공항,2026-09-26 12:00,10000,1
양양공항,2026-09-26 13:00,10000,3
양양공항,2026-09-26 14:00,10000,3
양양공항,2026-09-26 15:00,10000,3
양양공항,2026-09-26 16:00,10000,3
양양공항,2026-09-26 17:00,10000,5
양양공항,2026-09-26 18:00,10000,5
양양공항,2026-09-26 19:00,10000,4
김포공항,2026-09-26 1:00,10000,7
김포공항,2026-09-26 2:00,10000,7
김포공항,2026-09-26 3:00,10000,7
김포공항,2026-09-26 4:00,10000,7
김포공항,2026-09-26 5:00,10000,8
김포공항,2026-09-26 6:00,10000,8
김포공항,2026-09-26 7:00,10000,8
김포공항,2026-09-26 8:00,10000,8
김포공항,2026-09-26 9:00,10000,7
김포공항,2026-09-26 10:00,10000,6
김포공항,2026-09-26 11:00,10000,6
김포공항,2026-09-26 12:00,10000,7
김포공항,2026-09-26 13:00,10000,5
김포공항,2026-09-26 14:00,10000,5
김포공항,2026-09-26 15:00,10000,6
김포공항,2026-09-26 16:00,10000,6
김포공항,2026-09-26 17:00,10000,7
김포공항,2026-09-26 18:00,10000,6
김포공항,2026-09-26 19:00,10000,6
김포공항,2026-09-26 20:00,10000,5
김포공항,2026-09-26 21:00,10000,3
김포공항,2026-09-26 22:00,10000,6
김포공항,2026-09-26 23:00,10000,6
김포공항,2026-09-27 0:00,10000,6
인천공항,2026-09-26 1:00,10000,8
인천공항,2026-09-26 2:00,10000,7
인천공항,2026-09-26 3:00,10000,7
인천공항,2026-09-26 4:00,10000,7
인천공항,2026-09-26 5:00,10000,8
인천공항,2026-09-26 6:00,10000,8
인천공항,2026-09-26 7:00,10000,8
인천공항,2026-09-26 8:00,10000,7
인천공항,2026-09-26 9:00,10000,7
인천공항,2026-09-26 10:00,10000,7
인천공항,2026-09-26 11:00,10000,7
인천공항,2026-09-26 12:00,10000,7
인천공항,2026-09-26 13:00,10000,3
인천공항,2026-09-26 14:00,10000,4
인천공항,2026-09-26 15:00,10000,4
인천공항,2026-09-26 16:00,10000,5
인천공항,2026-09-26 17:00,10000,4
인천공항,2026-09-26 18:00,10000,4
인천공항,2026-09-26 19:00,10000,4
인천공항,2026-09-26 20:00,10000,2
인천공항,2026-09-26 21:00,10000,2
인천공항,2026-09-26 22:00,10000,2
인천공항,2026-09-26 23:00,10000,5
인천공항,2026-09-27 0:00,10000,5
울산공항,2026-09-26 6:00,10000,8
울산공항,2026-09-26 7:00,8000,8
울산공항,2026-09-26 8:00,8000,8
울산공항,2026-09-26 9:00,8000,8
울산공항,2026-09-26 10:00,6000,8
울산공항,2026-09-26 11:00,8000,8
울산공항,2026-09-26 12:00,9000,8
울산공항,2026-09-26 13:00,10000,8
울산공항,2026-09-26 14:00,10000,8
울산공항,2026-09-26 15:00,10000,8
울산공항,2026-09-26 16:00,10000,8
울산공항,2026-09-26 17:00,10000,8
울산공항,2026-09-26 18:00,10000,8
울산공항,2026-09-26 19:00,10000,7
울산공항,2026-09-26 20:00,10000,8
울산공항,2026-09-26 21:00,10000,8
울산공항,2026-09-26 22:00,10000,8
무안공항,2026-09-26 6:00,4000,8
무안공항,2026-09-26 7:00,4000,8
무안공항,2026-09-26 8:00,10000,8
무안공항,2026-09-26 9:00,10000,8
무안공항,2026-09-26 10:00,8000,8
무안공항,2026-09-26 11:00,6000,8
무안공항,2026-09-26 12:00,6000,8
무안공항,2026-09-26 13:00,10000,8
무안공항,2026-09-26 14:00,10000,8
무안공항,2026-09-26 15:00,6000,7
무안공항,2026-09-26 16:00,10000,7
무안공항,2026-09-26 17:00,10000,7
무안공항,2026-09-26 18:00,10000,7
무안공항,2026-09-26 19:00,10000,7
무안공항,2026-09-26 20:00,10000,7
무안공항,2026-09-26 21:00,10000,7
무안공항,2026-09-26 22:00,10000,7
여수공항,2026-09-26 7:00,4000,8
여수공항,2026-09-26 8:00,6000,8
여수공항,2026-09-26 9:00,6000,8
여수공항,2026-09-26 10:00,10000,8
여수공항,2026-09-26 11:00,10000,8
여수공항,2026-09-26 12:00,10000,8
여수공항,2026-09-26 13:00,10000,8
여수공항,2026-09-26 14:00,10000,8
여수공항,2026-09-26 15:00,8000,8
여수공항,2026-09-26 16:00,4000,8
여수공항,2026-09-26 17:00,4000,8
여수공항,2026-09-26 18:00,8000,8
여수공항,2026-09-26 19:00,10000,8
여수공항,2026-09-27 0:00,10000,
제주공항,2026-09-26 1:00,10000,7
제주공항,2026-09-26 2:00,10000,7
제주공항,2026-09-26 3:00,10000,8
제주공항,2026-09-26 4:00,10000,8
제주공항,2026-09-26 5:00,10000,8
제주공항,2026-09-26 6:00,10000,8
제주공항,2026-09-26 7:00,10000,8
제주공항,2026-09-26 8:00,1200,8
제주공항,2026-09-26 9:00,3000,8
제주공항,2026-09-26 10:00,9000,8
제주공항,2026-09-26 11:00,8000,8
제주공항,2026-09-26 12:00,10000,7
제주공항,2026-09-26 13:00,8000,8
제주공항,2026-09-26 14:00,10000,7
제주공항,2026-09-26 15:00,10000,7
제주공항,2026-09-26 16:00,10000,7
제주공항,2026-09-26 17:00,10000,7
제주공항,2026-09-26 18:00,10000,7
제주공항,2026-09-26 19:00,10000,7
제주공항,2026-09-26 20:00,10000,6
제주공항,2026-09-26 21:00,10000,7
제주공항,2026-09-26 22:00,10000,7
제주공항,2026-09-26 23:00,10000,7
제주공항,2026-09-27 0:00,10000,7